q2_Value,qi_Value,ClosedLoop_Resonant_Eig_RealPart,OpenLoop_Resonant_Eig_RealPart,Real_Shift,Resonant_Eig_ImagPart
100,0.01,-26.0144985285839,-2.09471477811103,-23.9197837504729,29.2195077888627
100,0.1,-26.0144945290882,-2.09471477811103,-23.9197797509771,29.2195133614867
100,1,-26.0144545345269,-2.09471477811103,-23.9197397564158,29.21956908761
100,10,-26.01405462928,-2.09471477811103,-23.9193398511689,29.220126336932
100,100,-26.0100596092407,-2.09471477811103,-23.9153448311297,29.2256976366554
