q2_Value,qi_Value,ClosedLoop_Resonant_Eig_RealPart,OpenLoop_Resonant_Eig_RealPart,Real_Shift,Resonant_Eig_ImagPart
1,0.01,-6.88699480559895,-2.09471477811103,-4.79228002748791,35.6148264250174
1,0.1,-6.8870012915683,-2.09471477811103,-4.79228651345727,35.6148331969245
1,1,-6.88706615085346,-2.09471477811103,-4.79235137274243,35.6149009169015
1,10,-6.88771470317261,-2.09471477811103,-4.79299992506158,35.6155782072048
1,100,-6.89419616273537,-2.09471477811103,-4.79948138462434,35.6223601649783
