q2_Value,qi_Value,ClosedLoop_Resonant_Eig_RealPart,OpenLoop_Resonant_Eig_RealPart,Real_Shift,Resonant_Eig_ImagPart
0.01,0.01,-2.13777365157547,-2.09471477811103,-0.0430588734644366,42.4676629854313
0.01,0.1,-2.13778665350023,-2.09471477811103,-0.0430718753891921,42.4676415930795
0.01,1,-2.13791666762704,-2.09471477811103,-0.0432018895160065,42.4674276478816
0.01,10,-2.13921629657037,-2.09471477811103,-0.0445015184593309,42.4652860238634
0.01,100,-2.15216092524683,-2.09471477811103,-0.0574461471357925,42.4436483994098
